dataset,parameter_modified,parameter_value1,parameter_value2,total_cost,execution_time,is_feasible,error
/Users/m.j.j.heule/Documents/4. TU Delft/TU Master/Operations optimisation/operations_optimisation/manilakbay-2E-EVRP-Instances-95ae99e/Type_y/Customer_50/C202_C50y.txt,vehicle_capacity,0.8,0.8,944.5259329941184,50.573729038238525,True,
/Users/m.j.j.heule/Documents/4. TU Delft/TU Master/Operations optimisation/operations_optimisation/manilakbay-2E-EVRP-Instances-95ae99e/Type_y/Customer_50/C202_C50y.txt,vehicle_capacity,0.8,0.9,934.788724479574,55.914255142211914,True,
/Users/m.j.j.heule/Documents/4. TU Delft/TU Master/Operations optimisation/operations_optimisation/manilakbay-2E-EVRP-Instances-95ae99e/Type_y/Customer_50/C202_C50y.txt,vehicle_capacity,0.8,1.0,924.3073050805937,50.71997594833374,True,
/Users/m.j.j.heule/Documents/4. TU Delft/TU Master/Operations optimisation/operations_optimisation/manilakbay-2E-EVRP-Instances-95ae99e/Type_y/Customer_50/C202_C50y.txt,vehicle_capacity,0.8,1.1,920.0554456837556,52.974623918533325,True,
/Users/m.j.j.heule/Documents/4. TU Delft/TU Master/Operations optimisation/operations_optimisation/manilakbay-2E-EVRP-Instances-95ae99e/Type_y/Customer_50/C202_C50y.txt,vehicle_capacity,0.8,1.2,916.5687086033952,58.523540019989014,True,
/Users/m.j.j.heule/Documents/4. TU Delft/TU Master/Operations optimisation/operations_optimisation/manilakbay-2E-EVRP-Instances-95ae99e/Type_y/Customer_50/C202_C50y.txt,vehicle_capacity,0.9,0.8,934.7887636544953,50.999847173690796,True,
/Users/m.j.j.heule/Documents/4. TU Delft/TU Master/Operations optimisation/operations_optimisation/manilakbay-2E-EVRP-Instances-95ae99e/Type_y/Customer_50/C202_C50y.txt,vehicle_capacity,0.9,0.9,934.7887427549691,69.6817090511322,True,
/Users/m.j.j.heule/Documents/4. TU Delft/TU Master/Operations optimisation/operations_optimisation/manilakbay-2E-EVRP-Instances-95ae99e/Type_y/Customer_50/C202_C50y.txt,vehicle_capacity,0.9,1.0,924.3073239314025,45.81610608100891,True,
/Users/m.j.j.heule/Documents/4. TU Delft/TU Master/Operations optimisation/operations_optimisation/manilakbay-2E-EVRP-Instances-95ae99e/Type_y/Customer_50/C202_C50y.txt,vehicle_capacity,0.9,1.1,920.0555355665814,44.08780097961426,True,
/Users/m.j.j.heule/Documents/4. TU Delft/TU Master/Operations optimisation/operations_optimisation/manilakbay-2E-EVRP-Instances-95ae99e/Type_y/Customer_50/C202_C50y.txt,vehicle_capacity,0.9,1.2,916.5687122876444,53.974143981933594,True,
/Users/m.j.j.heule/Documents/4. TU Delft/TU Master/Operations optimisation/operations_optimisation/manilakbay-2E-EVRP-Instances-95ae99e/Type_y/Customer_50/C202_C50y.txt,vehicle_capacity,1.0,0.8,790.3068563098525,7.6343910694122314,True,
/Users/m.j.j.heule/Documents/4. TU Delft/TU Master/Operations optimisation/operations_optimisation/manilakbay-2E-EVRP-Instances-95ae99e/Type_y/Customer_50/C202_C50y.txt,vehicle_capacity,1.0,0.9,785.3283273067192,6.983774900436401,True,
/Users/m.j.j.heule/Documents/4. TU Delft/TU Master/Operations optimisation/operations_optimisation/manilakbay-2E-EVRP-Instances-95ae99e/Type_y/Customer_50/C202_C50y.txt,vehicle_capacity,1.0,1.0,784.5711329333936,9.253409624099731,True,
/Users/m.j.j.heule/Documents/4. TU Delft/TU Master/Operations optimisation/operations_optimisation/manilakbay-2E-EVRP-Instances-95ae99e/Type_y/Customer_50/C202_C50y.txt,vehicle_capacity,1.0,1.1,783.819261589123,8.302448272705078,True,
/Users/m.j.j.heule/Documents/4. TU Delft/TU Master/Operations optimisation/operations_optimisation/manilakbay-2E-EVRP-Instances-95ae99e/Type_y/Customer_50/C202_C50y.txt,vehicle_capacity,1.0,1.2,780.7806778202497,10.410315990447998,True,
/Users/m.j.j.heule/Documents/4. TU Delft/TU Master/Operations optimisation/operations_optimisation/manilakbay-2E-EVRP-Instances-95ae99e/Type_y/Customer_50/C202_C50y.txt,vehicle_capacity,1.1,0.8,782.4863476631538,33.09687089920044,True,
/Users/m.j.j.heule/Documents/4. TU Delft/TU Master/Operations optimisation/operations_optimisation/manilakbay-2E-EVRP-Instances-95ae99e/Type_y/Customer_50/C202_C50y.txt,vehicle_capacity,1.1,0.9,774.1967481480705,32.24480199813843,True,
/Users/m.j.j.heule/Documents/4. TU Delft/TU Master/Operations optimisation/operations_optimisation/manilakbay-2E-EVRP-Instances-95ae99e/Type_y/Customer_50/C202_C50y.txt,vehicle_capacity,1.1,1.0,780.0185188273466,11.230903148651123,True,
/Users/m.j.j.heule/Documents/4. TU Delft/TU Master/Operations optimisation/operations_optimisation/manilakbay-2E-EVRP-Instances-95ae99e/Type_y/Customer_50/C202_C50y.txt,vehicle_capacity,1.1,1.1,798.3990306708595,9.779751777648926,True,
/Users/m.j.j.heule/Documents/4. TU Delft/TU Master/Operations optimisation/operations_optimisation/manilakbay-2E-EVRP-Instances-95ae99e/Type_y/Customer_50/C202_C50y.txt,vehicle_capacity,1.1,1.2,780.3171255574558,11.72018814086914,True,
/Users/m.j.j.heule/Documents/4. TU Delft/TU Master/Operations optimisation/operations_optimisation/manilakbay-2E-EVRP-Instances-95ae99e/Type_y/Customer_50/C202_C50y.txt,vehicle_capacity,1.2,0.8,784.5711326669758,55.704663038253784,True,
/Users/m.j.j.heule/Documents/4. TU Delft/TU Master/Operations optimisation/operations_optimisation/manilakbay-2E-EVRP-Instances-95ae99e/Type_y/Customer_50/C202_C50y.txt,vehicle_capacity,1.2,0.9,774.1967564113637,39.532577991485596,True,
/Users/m.j.j.heule/Documents/4. TU Delft/TU Master/Operations optimisation/operations_optimisation/manilakbay-2E-EVRP-Instances-95ae99e/Type_y/Customer_50/C202_C50y.txt,vehicle_capacity,1.2,1.0,774.1967429988399,49.94429898262024,True,
/Users/m.j.j.heule/Documents/4. TU Delft/TU Master/Operations optimisation/operations_optimisation/manilakbay-2E-EVRP-Instances-95ae99e/Type_y/Customer_50/C202_C50y.txt,vehicle_capacity,1.2,1.1,774.8405958490471,11.795570135116577,True,
/Users/m.j.j.heule/Documents/4. TU Delft/TU Master/Operations optimisation/operations_optimisation/manilakbay-2E-EVRP-Instances-95ae99e/Type_y/Customer_50/C202_C50y.txt,vehicle_capacity,1.2,1.2,774.1967564113635,20.082034826278687,True,
/Users/m.j.j.heule/Documents/4. TU Delft/TU Master/Operations optimisation/operations_optimisation/manilakbay-2E-EVRP-Instances-95ae99e/Type_y/Customer_50/C202_C50y.txt,demand_capacity,0.8,0,773.4874716135379,49.12801694869995,True,
/Users/m.j.j.heule/Documents/4. TU Delft/TU Master/Operations optimisation/operations_optimisation/manilakbay-2E-EVRP-Instances-95ae99e/Type_y/Customer_50/C202_C50y.txt,demand_capacity,0.9,0,783.0880099582154,11.489121913909912,True,
/Users/m.j.j.heule/Documents/4. TU Delft/TU Master/Operations optimisation/operations_optimisation/manilakbay-2E-EVRP-Instances-95ae99e/Type_y/Customer_50/C202_C50y.txt,demand_capacity,1.0,0,784.5711329333936,9.177420854568481,True,
/Users/m.j.j.heule/Documents/4. TU Delft/TU Master/Operations optimisation/operations_optimisation/manilakbay-2E-EVRP-Instances-95ae99e/Type_y/Customer_50/C202_C50y.txt,demand_capacity,1.1,0,932.3106377704681,55.7738561630249,True,
/Users/m.j.j.heule/Documents/4. TU Delft/TU Master/Operations optimisation/operations_optimisation/manilakbay-2E-EVRP-Instances-95ae99e/Type_y/Customer_50/C202_C50y.txt,demand_capacity,1.2,0,936.6905724690816,55.4472119808197,True,
/Users/m.j.j.heule/Documents/4. TU Delft/TU Master/Operations optimisation/operations_optimisation/manilakbay-2E-EVRP-Instances-95ae99e/Type_y/Customer_50/C202_C50y.txt,vehicle_amount,-15,-15,,0.0970311164855957,True,Unable to retrieve attribute 'ObjVal'
/Users/m.j.j.heule/Documents/4. TU Delft/TU Master/Operations optimisation/operations_optimisation/manilakbay-2E-EVRP-Instances-95ae99e/Type_y/Customer_50/C202_C50y.txt,vehicle_amount,-15,-5,,0.09735488891601562,True,Unable to retrieve attribute 'ObjVal'
/Users/m.j.j.heule/Documents/4. TU Delft/TU Master/Operations optimisation/operations_optimisation/manilakbay-2E-EVRP-Instances-95ae99e/Type_y/Customer_50/C202_C50y.txt,vehicle_amount,-15,0,,0.10025501251220703,True,Unable to retrieve attribute 'ObjVal'
/Users/m.j.j.heule/Documents/4. TU Delft/TU Master/Operations optimisation/operations_optimisation/manilakbay-2E-EVRP-Instances-95ae99e/Type_y/Customer_50/C202_C50y.txt,vehicle_amount,-15,5,,0.09798908233642578,True,Unable to retrieve attribute 'ObjVal'
/Users/m.j.j.heule/Documents/4. TU Delft/TU Master/Operations optimisation/operations_optimisation/manilakbay-2E-EVRP-Instances-95ae99e/Type_y/Customer_50/C202_C50y.txt,vehicle_amount,-15,15,,0.09992027282714844,True,Unable to retrieve attribute 'ObjVal'
/Users/m.j.j.heule/Documents/4. TU Delft/TU Master/Operations optimisation/operations_optimisation/manilakbay-2E-EVRP-Instances-95ae99e/Type_y/Customer_50/C202_C50y.txt,vehicle_amount,-5,-15,,0.10177803039550781,True,Unable to retrieve attribute 'ObjVal'
/Users/m.j.j.heule/Documents/4. TU Delft/TU Master/Operations optimisation/operations_optimisation/manilakbay-2E-EVRP-Instances-95ae99e/Type_y/Customer_50/C202_C50y.txt,vehicle_amount,-5,-5,,0.0970911979675293,True,Unable to retrieve attribute 'ObjVal'
/Users/m.j.j.heule/Documents/4. TU Delft/TU Master/Operations optimisation/operations_optimisation/manilakbay-2E-EVRP-Instances-95ae99e/Type_y/Customer_50/C202_C50y.txt,vehicle_amount,-5,0,,0.10139989852905273,True,Unable to retrieve attribute 'ObjVal'
/Users/m.j.j.heule/Documents/4. TU Delft/TU Master/Operations optimisation/operations_optimisation/manilakbay-2E-EVRP-Instances-95ae99e/Type_y/Customer_50/C202_C50y.txt,vehicle_amount,-5,5,,0.09820008277893066,True,Unable to retrieve attribute 'ObjVal'
/Users/m.j.j.heule/Documents/4. TU Delft/TU Master/Operations optimisation/operations_optimisation/manilakbay-2E-EVRP-Instances-95ae99e/Type_y/Customer_50/C202_C50y.txt,vehicle_amount,-5,15,,0.09874176979064941,True,Unable to retrieve attribute 'ObjVal'
/Users/m.j.j.heule/Documents/4. TU Delft/TU Master/Operations optimisation/operations_optimisation/manilakbay-2E-EVRP-Instances-95ae99e/Type_y/Customer_50/C202_C50y.txt,vehicle_amount,0,-15,799.818492899549,9.703949928283691,True,
/Users/m.j.j.heule/Documents/4. TU Delft/TU Master/Operations optimisation/operations_optimisation/manilakbay-2E-EVRP-Instances-95ae99e/Type_y/Customer_50/C202_C50y.txt,vehicle_amount,0,-5,788.5269082197699,10.94946002960205,True,
/Users/m.j.j.heule/Documents/4. TU Delft/TU Master/Operations optimisation/operations_optimisation/manilakbay-2E-EVRP-Instances-95ae99e/Type_y/Customer_50/C202_C50y.txt,vehicle_amount,0,0,791.1272253722555,8.32880687713623,True,
/Users/m.j.j.heule/Documents/4. TU Delft/TU Master/Operations optimisation/operations_optimisation/manilakbay-2E-EVRP-Instances-95ae99e/Type_y/Customer_50/C202_C50y.txt,vehicle_amount,0,5,779.8323487573581,7.014898777008057,True,
/Users/m.j.j.heule/Documents/4. TU Delft/TU Master/Operations optimisation/operations_optimisation/manilakbay-2E-EVRP-Instances-95ae99e/Type_y/Customer_50/C202_C50y.txt,vehicle_amount,0,15,781.7697950865369,7.090946674346924,True,
/Users/m.j.j.heule/Documents/4. TU Delft/TU Master/Operations optimisation/operations_optimisation/manilakbay-2E-EVRP-Instances-95ae99e/Type_y/Customer_50/C202_C50y.txt,vehicle_amount,5,-15,807.9548072370856,10.844184875488281,True,
/Users/m.j.j.heule/Documents/4. TU Delft/TU Master/Operations optimisation/operations_optimisation/manilakbay-2E-EVRP-Instances-95ae99e/Type_y/Customer_50/C202_C50y.txt,vehicle_amount,5,-5,788.5269267265431,10.274036884307861,True,
/Users/m.j.j.heule/Documents/4. TU Delft/TU Master/Operations optimisation/operations_optimisation/manilakbay-2E-EVRP-Instances-95ae99e/Type_y/Customer_50/C202_C50y.txt,vehicle_amount,5,0,784.5711329333936,7.187600135803223,True,
/Users/m.j.j.heule/Documents/4. TU Delft/TU Master/Operations optimisation/operations_optimisation/manilakbay-2E-EVRP-Instances-95ae99e/Type_y/Customer_50/C202_C50y.txt,vehicle_amount,5,5,782.4863699762617,7.451357126235962,True,
/Users/m.j.j.heule/Documents/4. TU Delft/TU Master/Operations optimisation/operations_optimisation/manilakbay-2E-EVRP-Instances-95ae99e/Type_y/Customer_50/C202_C50y.txt,vehicle_amount,5,15,782.5066504427599,9.296424150466919,True,
/Users/m.j.j.heule/Documents/4. TU Delft/TU Master/Operations optimisation/operations_optimisation/manilakbay-2E-EVRP-Instances-95ae99e/Type_y/Customer_50/C202_C50y.txt,vehicle_amount,15,-15,787.6186927547811,16.734375953674316,True,
/Users/m.j.j.heule/Documents/4. TU Delft/TU Master/Operations optimisation/operations_optimisation/manilakbay-2E-EVRP-Instances-95ae99e/Type_y/Customer_50/C202_C50y.txt,vehicle_amount,15,-5,784.5711329333936,9.701378107070923,True,
/Users/m.j.j.heule/Documents/4. TU Delft/TU Master/Operations optimisation/operations_optimisation/manilakbay-2E-EVRP-Instances-95ae99e/Type_y/Customer_50/C202_C50y.txt,vehicle_amount,15,0,782.6492370969186,7.165032148361206,True,
/Users/m.j.j.heule/Documents/4. TU Delft/TU Master/Operations optimisation/operations_optimisation/manilakbay-2E-EVRP-Instances-95ae99e/Type_y/Customer_50/C202_C50y.txt,vehicle_amount,15,5,782.6695175634168,7.8724141120910645,True,
/Users/m.j.j.heule/Documents/4. TU Delft/TU Master/Operations optimisation/operations_optimisation/manilakbay-2E-EVRP-Instances-95ae99e/Type_y/Customer_50/C202_C50y.txt,vehicle_amount,15,15,782.4863674345073,7.47089409828186,True,
/Users/m.j.j.heule/Documents/4. TU Delft/TU Master/Operations optimisation/operations_optimisation/manilakbay-2E-EVRP-Instances-95ae99e/Type_y/Customer_50/C202_C50y.txt,satellite_capacity,-3,0,779.0264644032294,6.528248071670532,True,
/Users/m.j.j.heule/Documents/4. TU Delft/TU Master/Operations optimisation/operations_optimisation/manilakbay-2E-EVRP-Instances-95ae99e/Type_y/Customer_50/C202_C50y.txt,satellite_capacity,-1,0,797.422934833189,10.753263711929321,True,
/Users/m.j.j.heule/Documents/4. TU Delft/TU Master/Operations optimisation/operations_optimisation/manilakbay-2E-EVRP-Instances-95ae99e/Type_y/Customer_50/C202_C50y.txt,satellite_capacity,0,0,784.5711329333936,9.409099102020264,True,
/Users/m.j.j.heule/Documents/4. TU Delft/TU Master/Operations optimisation/operations_optimisation/manilakbay-2E-EVRP-Instances-95ae99e/Type_y/Customer_50/C202_C50y.txt,satellite_capacity,1,0,780.0185122380415,7.237286806106567,True,
/Users/m.j.j.heule/Documents/4. TU Delft/TU Master/Operations optimisation/operations_optimisation/manilakbay-2E-EVRP-Instances-95ae99e/Type_y/Customer_50/C202_C50y.txt,satellite_capacity,3,0,788.5472172334422,9.594902992248535,True,
/Users/m.j.j.heule/Documents/4. TU Delft/TU Master/Operations optimisation/operations_optimisation/manilakbay-2E-EVRP-Instances-95ae99e/Type_y/Customer_50/R202_C50y.txt,vehicle_capacity,0.8,0.8,775.2184983985939,17.41602110862732,True,
/Users/m.j.j.heule/Documents/4. TU Delft/TU Master/Operations optimisation/operations_optimisation/manilakbay-2E-EVRP-Instances-95ae99e/Type_y/Customer_50/R202_C50y.txt,vehicle_capacity,0.8,0.9,796.8575031019503,13.292447805404663,True,
/Users/m.j.j.heule/Documents/4. TU Delft/TU Master/Operations optimisation/operations_optimisation/manilakbay-2E-EVRP-Instances-95ae99e/Type_y/Customer_50/R202_C50y.txt,vehicle_capacity,0.8,1.0,805.7055771451656,11.765911102294922,True,
/Users/m.j.j.heule/Documents/4. TU Delft/TU Master/Operations optimisation/operations_optimisation/manilakbay-2E-EVRP-Instances-95ae99e/Type_y/Customer_50/R202_C50y.txt,vehicle_capacity,0.8,1.1,807.2104608924775,11.813180923461914,True,
/Users/m.j.j.heule/Documents/4. TU Delft/TU Master/Operations optimisation/operations_optimisation/manilakbay-2E-EVRP-Instances-95ae99e/Type_y/Customer_50/R202_C50y.txt,vehicle_capacity,0.8,1.2,776.0699032841695,8.363970041275024,True,
/Users/m.j.j.heule/Documents/4. TU Delft/TU Master/Operations optimisation/operations_optimisation/manilakbay-2E-EVRP-Instances-95ae99e/Type_y/Customer_50/R202_C50y.txt,vehicle_capacity,0.9,0.8,767.0637209137013,11.094514846801758,True,
/Users/m.j.j.heule/Documents/4. TU Delft/TU Master/Operations optimisation/operations_optimisation/manilakbay-2E-EVRP-Instances-95ae99e/Type_y/Customer_50/R202_C50y.txt,vehicle_capacity,0.9,0.9,780.4977732600041,10.672744750976562,True,
/Users/m.j.j.heule/Documents/4. TU Delft/TU Master/Operations optimisation/operations_optimisation/manilakbay-2E-EVRP-Instances-95ae99e/Type_y/Customer_50/R202_C50y.txt,vehicle_capacity,0.9,1.0,767.063709983733,58.84932994842529,True,
/Users/m.j.j.heule/Documents/4. TU Delft/TU Master/Operations optimisation/operations_optimisation/manilakbay-2E-EVRP-Instances-95ae99e/Type_y/Customer_50/R202_C50y.txt,vehicle_capacity,0.9,1.1,777.323960726419,10.043907642364502,True,
/Users/m.j.j.heule/Documents/4. TU Delft/TU Master/Operations optimisation/operations_optimisation/manilakbay-2E-EVRP-Instances-95ae99e/Type_y/Customer_50/R202_C50y.txt,vehicle_capacity,0.9,1.2,743.6230278855668,7.1849448680877686,True,
/Users/m.j.j.heule/Documents/4. TU Delft/TU Master/Operations optimisation/operations_optimisation/manilakbay-2E-EVRP-Instances-95ae99e/Type_y/Customer_50/R202_C50y.txt,vehicle_capacity,1.0,0.8,767.0637209137009,10.925029039382935,True,
/Users/m.j.j.heule/Documents/4. TU Delft/TU Master/Operations optimisation/operations_optimisation/manilakbay-2E-EVRP-Instances-95ae99e/Type_y/Customer_50/R202_C50y.txt,vehicle_capacity,1.0,0.9,799.3111753149728,15.544831037521362,True,
/Users/m.j.j.heule/Documents/4. TU Delft/TU Master/Operations optimisation/operations_optimisation/manilakbay-2E-EVRP-Instances-95ae99e/Type_y/Customer_50/R202_C50y.txt,vehicle_capacity,1.0,1.0,758.9289588172308,59.34186816215515,True,
/Users/m.j.j.heule/Documents/4. TU Delft/TU Master/Operations optimisation/operations_optimisation/manilakbay-2E-EVRP-Instances-95ae99e/Type_y/Customer_50/R202_C50y.txt,vehicle_capacity,1.0,1.1,758.9290348082119,86.1115050315857,True,
/Users/m.j.j.heule/Documents/4. TU Delft/TU Master/Operations optimisation/operations_optimisation/manilakbay-2E-EVRP-Instances-95ae99e/Type_y/Customer_50/R202_C50y.txt,vehicle_capacity,1.0,1.2,752.5807921387877,8.074343919754028,True,
/Users/m.j.j.heule/Documents/4. TU Delft/TU Master/Operations optimisation/operations_optimisation/manilakbay-2E-EVRP-Instances-95ae99e/Type_y/Customer_50/R202_C50y.txt,vehicle_capacity,1.1,0.8,792.3244298954146,11.293191909790039,True,
/Users/m.j.j.heule/Documents/4. TU Delft/TU Master/Operations optimisation/operations_optimisation/manilakbay-2E-EVRP-Instances-95ae99e/Type_y/Customer_50/R202_C50y.txt,vehicle_capacity,1.1,0.9,760.0800392556331,10.944949865341187,True,
/Users/m.j.j.heule/Documents/4. TU Delft/TU Master/Operations optimisation/operations_optimisation/manilakbay-2E-EVRP-Instances-95ae99e/Type_y/Customer_50/R202_C50y.txt,vehicle_capacity,1.1,1.0,782.7333923974007,15.567156791687012,True,
/Users/m.j.j.heule/Documents/4. TU Delft/TU Master/Operations optimisation/operations_optimisation/manilakbay-2E-EVRP-Instances-95ae99e/Type_y/Customer_50/R202_C50y.txt,vehicle_capacity,1.1,1.1,777.7465248036489,11.937836170196533,True,
/Users/m.j.j.heule/Documents/4. TU Delft/TU Master/Operations optimisation/operations_optimisation/manilakbay-2E-EVRP-Instances-95ae99e/Type_y/Customer_50/R202_C50y.txt,vehicle_capacity,1.1,1.2,741.2287240748361,79.62009787559509,True,
/Users/m.j.j.heule/Documents/4. TU Delft/TU Master/Operations optimisation/operations_optimisation/manilakbay-2E-EVRP-Instances-95ae99e/Type_y/Customer_50/R202_C50y.txt,vehicle_capacity,1.2,0.8,758.9290193416211,74.76134395599365,True,
/Users/m.j.j.heule/Documents/4. TU Delft/TU Master/Operations optimisation/operations_optimisation/manilakbay-2E-EVRP-Instances-95ae99e/Type_y/Customer_50/R202_C50y.txt,vehicle_capacity,1.2,0.9,760.5728383801389,12.249418020248413,True,
/Users/m.j.j.heule/Documents/4. TU Delft/TU Master/Operations optimisation/operations_optimisation/manilakbay-2E-EVRP-Instances-95ae99e/Type_y/Customer_50/R202_C50y.txt,vehicle_capacity,1.2,1.0,774.5937175377109,11.67427134513855,True,
/Users/m.j.j.heule/Documents/4. TU Delft/TU Master/Operations optimisation/operations_optimisation/manilakbay-2E-EVRP-Instances-95ae99e/Type_y/Customer_50/R202_C50y.txt,vehicle_capacity,1.2,1.1,755.7055771451656,11.382689952850342,True,
/Users/m.j.j.heule/Documents/4. TU Delft/TU Master/Operations optimisation/operations_optimisation/manilakbay-2E-EVRP-Instances-95ae99e/Type_y/Customer_50/R202_C50y.txt,vehicle_capacity,1.2,1.2,762.0494787368424,8.02246904373169,True,
/Users/m.j.j.heule/Documents/4. TU Delft/TU Master/Operations optimisation/operations_optimisation/manilakbay-2E-EVRP-Instances-95ae99e/Type_y/Customer_50/R202_C50y.txt,demand_capacity,0.8,0,741.2288240823748,10.778089046478271,True,
/Users/m.j.j.heule/Documents/4. TU Delft/TU Master/Operations optimisation/operations_optimisation/manilakbay-2E-EVRP-Instances-95ae99e/Type_y/Customer_50/R202_C50y.txt,demand_capacity,0.9,0,758.3396814573193,44.17592692375183,True,
/Users/m.j.j.heule/Documents/4. TU Delft/TU Master/Operations optimisation/operations_optimisation/manilakbay-2E-EVRP-Instances-95ae99e/Type_y/Customer_50/R202_C50y.txt,demand_capacity,1.0,0,758.9289588172308,58.589191198349,True,
/Users/m.j.j.heule/Documents/4. TU Delft/TU Master/Operations optimisation/operations_optimisation/manilakbay-2E-EVRP-Instances-95ae99e/Type_y/Customer_50/R202_C50y.txt,demand_capacity,1.1,0,777.323960726419,15.328897953033447,True,
/Users/m.j.j.heule/Documents/4. TU Delft/TU Master/Operations optimisation/operations_optimisation/manilakbay-2E-EVRP-Instances-95ae99e/Type_y/Customer_50/R202_C50y.txt,demand_capacity,1.2,0,767.0637209137011,8.518975019454956,True,
/Users/m.j.j.heule/Documents/4. TU Delft/TU Master/Operations optimisation/operations_optimisation/manilakbay-2E-EVRP-Instances-95ae99e/Type_y/Customer_50/R202_C50y.txt,vehicle_amount,-15,-15,,0.10709619522094727,True,Unable to retrieve attribute 'ObjVal'
/Users/m.j.j.heule/Documents/4. TU Delft/TU Master/Operations optimisation/operations_optimisation/manilakbay-2E-EVRP-Instances-95ae99e/Type_y/Customer_50/R202_C50y.txt,vehicle_amount,-15,-5,,0.10828876495361328,True,Unable to retrieve attribute 'ObjVal'
/Users/m.j.j.heule/Documents/4. TU Delft/TU Master/Operations optimisation/operations_optimisation/manilakbay-2E-EVRP-Instances-95ae99e/Type_y/Customer_50/R202_C50y.txt,vehicle_amount,-15,0,,0.10717415809631348,True,Unable to retrieve attribute 'ObjVal'
/Users/m.j.j.heule/Documents/4. TU Delft/TU Master/Operations optimisation/operations_optimisation/manilakbay-2E-EVRP-Instances-95ae99e/Type_y/Customer_50/R202_C50y.txt,vehicle_amount,-15,5,,0.10739517211914062,True,Unable to retrieve attribute 'ObjVal'
/Users/m.j.j.heule/Documents/4. TU Delft/TU Master/Operations optimisation/operations_optimisation/manilakbay-2E-EVRP-Instances-95ae99e/Type_y/Customer_50/R202_C50y.txt,vehicle_amount,-15,15,,0.10506606101989746,True,Unable to retrieve attribute 'ObjVal'
/Users/m.j.j.heule/Documents/4. TU Delft/TU Master/Operations optimisation/operations_optimisation/manilakbay-2E-EVRP-Instances-95ae99e/Type_y/Customer_50/R202_C50y.txt,vehicle_amount,-5,-15,,0.1072540283203125,True,Unable to retrieve attribute 'ObjVal'
/Users/m.j.j.heule/Documents/4. TU Delft/TU Master/Operations optimisation/operations_optimisation/manilakbay-2E-EVRP-Instances-95ae99e/Type_y/Customer_50/R202_C50y.txt,vehicle_amount,-5,-5,,0.10807299613952637,True,Unable to retrieve attribute 'ObjVal'
/Users/m.j.j.heule/Documents/4. TU Delft/TU Master/Operations optimisation/operations_optimisation/manilakbay-2E-EVRP-Instances-95ae99e/Type_y/Customer_50/R202_C50y.txt,vehicle_amount,-5,0,,0.10851621627807617,True,Unable to retrieve attribute 'ObjVal'
/Users/m.j.j.heule/Documents/4. TU Delft/TU Master/Operations optimisation/operations_optimisation/manilakbay-2E-EVRP-Instances-95ae99e/Type_y/Customer_50/R202_C50y.txt,vehicle_amount,-5,5,,0.1056368350982666,True,Unable to retrieve attribute 'ObjVal'
/Users/m.j.j.heule/Documents/4. TU Delft/TU Master/Operations optimisation/operations_optimisation/manilakbay-2E-EVRP-Instances-95ae99e/Type_y/Customer_50/R202_C50y.txt,vehicle_amount,-5,15,,0.10489296913146973,True,Unable to retrieve attribute 'ObjVal'
/Users/m.j.j.heule/Documents/4. TU Delft/TU Master/Operations optimisation/operations_optimisation/manilakbay-2E-EVRP-Instances-95ae99e/Type_y/Customer_50/R202_C50y.txt,vehicle_amount,0,-15,758.9291295498858,10.558305025100708,True,
/Users/m.j.j.heule/Documents/4. TU Delft/TU Master/Operations optimisation/operations_optimisation/manilakbay-2E-EVRP-Instances-95ae99e/Type_y/Customer_50/R202_C50y.txt,vehicle_amount,0,-5,767.0637209137009,14.099434852600098,True,
/Users/m.j.j.heule/Documents/4. TU Delft/TU Master/Operations optimisation/operations_optimisation/manilakbay-2E-EVRP-Instances-95ae99e/Type_y/Customer_50/R202_C50y.txt,vehicle_amount,0,0,805.7055122743565,23.614779949188232,True,
/Users/m.j.j.heule/Documents/4. TU Delft/TU Master/Operations optimisation/operations_optimisation/manilakbay-2E-EVRP-Instances-95ae99e/Type_y/Customer_50/R202_C50y.txt,vehicle_amount,0,5,758.9291295498855,55.01916193962097,True,
/Users/m.j.j.heule/Documents/4. TU Delft/TU Master/Operations optimisation/operations_optimisation/manilakbay-2E-EVRP-Instances-95ae99e/Type_y/Customer_50/R202_C50y.txt,vehicle_amount,0,15,758.9291295498855,23.575191736221313,True,
/Users/m.j.j.heule/Documents/4. TU Delft/TU Master/Operations optimisation/operations_optimisation/manilakbay-2E-EVRP-Instances-95ae99e/Type_y/Customer_50/R202_C50y.txt,vehicle_amount,5,-15,758.9291295498855,42.77802109718323,True,
/Users/m.j.j.heule/Documents/4. TU Delft/TU Master/Operations optimisation/operations_optimisation/manilakbay-2E-EVRP-Instances-95ae99e/Type_y/Customer_50/R202_C50y.txt,vehicle_amount,5,-5,758.9291295498856,15.272475242614746,True,
/Users/m.j.j.heule/Documents/4. TU Delft/TU Master/Operations optimisation/operations_optimisation/manilakbay-2E-EVRP-Instances-95ae99e/Type_y/Customer_50/R202_C50y.txt,vehicle_amount,5,0,758.9291295498856,15.066736698150635,True,
/Users/m.j.j.heule/Documents/4. TU Delft/TU Master/Operations optimisation/operations_optimisation/manilakbay-2E-EVRP-Instances-95ae99e/Type_y/Customer_50/R202_C50y.txt,vehicle_amount,5,5,760.5728383801393,14.088717222213745,True,
/Users/m.j.j.heule/Documents/4. TU Delft/TU Master/Operations optimisation/operations_optimisation/manilakbay-2E-EVRP-Instances-95ae99e/Type_y/Customer_50/R202_C50y.txt,vehicle_amount,5,15,758.9290455371569,90.74789810180664,True,
/Users/m.j.j.heule/Documents/4. TU Delft/TU Master/Operations optimisation/operations_optimisation/manilakbay-2E-EVRP-Instances-95ae99e/Type_y/Customer_50/R202_C50y.txt,vehicle_amount,15,-15,758.9289694002823,84.75799202919006,True,
/Users/m.j.j.heule/Documents/4. TU Delft/TU Master/Operations optimisation/operations_optimisation/manilakbay-2E-EVRP-Instances-95ae99e/Type_y/Customer_50/R202_C50y.txt,vehicle_amount,15,-5,758.9291256477618,102.81508302688599,True,
/Users/m.j.j.heule/Documents/4. TU Delft/TU Master/Operations optimisation/operations_optimisation/manilakbay-2E-EVRP-Instances-95ae99e/Type_y/Customer_50/R202_C50y.txt,vehicle_amount,15,0,758.9291295498856,100.63482022285461,True,
/Users/m.j.j.heule/Documents/4. TU Delft/TU Master/Operations optimisation/operations_optimisation/manilakbay-2E-EVRP-Instances-95ae99e/Type_y/Customer_50/R202_C50y.txt,vehicle_amount,15,5,764.7110731598128,14.471222877502441,True,
/Users/m.j.j.heule/Documents/4. TU Delft/TU Master/Operations optimisation/operations_optimisation/manilakbay-2E-EVRP-Instances-95ae99e/Type_y/Customer_50/R202_C50y.txt,vehicle_amount,15,15,771.2473921981373,16.64030385017395,True,
/Users/m.j.j.heule/Documents/4. TU Delft/TU Master/Operations optimisation/operations_optimisation/manilakbay-2E-EVRP-Instances-95ae99e/Type_y/Customer_50/R202_C50y.txt,satellite_capacity,-3,0,758.9291295498856,14.536753177642822,True,
/Users/m.j.j.heule/Documents/4. TU Delft/TU Master/Operations optimisation/operations_optimisation/manilakbay-2E-EVRP-Instances-95ae99e/Type_y/Customer_50/R202_C50y.txt,satellite_capacity,-1,0,779.5001129036908,20.52697491645813,True,
/Users/m.j.j.heule/Documents/4. TU Delft/TU Master/Operations optimisation/operations_optimisation/manilakbay-2E-EVRP-Instances-95ae99e/Type_y/Customer_50/R202_C50y.txt,satellite_capacity,0,0,758.9289588172308,98.6398561000824,True,
/Users/m.j.j.heule/Documents/4. TU Delft/TU Master/Operations optimisation/operations_optimisation/manilakbay-2E-EVRP-Instances-95ae99e/Type_y/Customer_50/R202_C50y.txt,satellite_capacity,1,0,758.9291295498856,98.68265318870544,True,
/Users/m.j.j.heule/Documents/4. TU Delft/TU Master/Operations optimisation/operations_optimisation/manilakbay-2E-EVRP-Instances-95ae99e/Type_y/Customer_50/R202_C50y.txt,satellite_capacity,3,0,767.8587381802625,18.55592107772827,True,
/Users/m.j.j.heule/Documents/4. TU Delft/TU Master/Operations optimisation/operations_optimisation/manilakbay-2E-EVRP-Instances-95ae99e/Type_y/Customer_50/RC202_C50y.txt,vehicle_capacity,0.8,0.8,968.629433110377,121.13448882102966,True,
/Users/m.j.j.heule/Documents/4. TU Delft/TU Master/Operations optimisation/operations_optimisation/manilakbay-2E-EVRP-Instances-95ae99e/Type_y/Customer_50/RC202_C50y.txt,vehicle_capacity,0.8,0.9,961.1519034053282,161.1980049610138,True,
/Users/m.j.j.heule/Documents/4. TU Delft/TU Master/Operations optimisation/operations_optimisation/manilakbay-2E-EVRP-Instances-95ae99e/Type_y/Customer_50/RC202_C50y.txt,vehicle_capacity,0.8,1.0,957.0868153199464,89.28175067901611,True,
/Users/m.j.j.heule/Documents/4. TU Delft/TU Master/Operations optimisation/operations_optimisation/manilakbay-2E-EVRP-Instances-95ae99e/Type_y/Customer_50/RC202_C50y.txt,vehicle_capacity,0.8,1.1,950.52011863419,160.93473982810974,True,
/Users/m.j.j.heule/Documents/4. TU Delft/TU Master/Operations optimisation/operations_optimisation/manilakbay-2E-EVRP-Instances-95ae99e/Type_y/Customer_50/RC202_C50y.txt,vehicle_capacity,0.8,1.2,947.4239002460089,131.77613592147827,True,
/Users/m.j.j.heule/Documents/4. TU Delft/TU Master/Operations optimisation/operations_optimisation/manilakbay-2E-EVRP-Instances-95ae99e/Type_y/Customer_50/RC202_C50y.txt,vehicle_capacity,0.9,0.8,829.2334385191034,45.76943397521973,True,
/Users/m.j.j.heule/Documents/4. TU Delft/TU Master/Operations optimisation/operations_optimisation/manilakbay-2E-EVRP-Instances-95ae99e/Type_y/Customer_50/RC202_C50y.txt,vehicle_capacity,0.9,0.9,813.9149725676242,24.956036806106567,True,
/Users/m.j.j.heule/Documents/4. TU Delft/TU Master/Operations optimisation/operations_optimisation/manilakbay-2E-EVRP-Instances-95ae99e/Type_y/Customer_50/RC202_C50y.txt,vehicle_capacity,0.9,1.0,829.2334377355446,56.266318798065186,True,
/Users/m.j.j.heule/Documents/4. TU Delft/TU Master/Operations optimisation/operations_optimisation/manilakbay-2E-EVRP-Instances-95ae99e/Type_y/Customer_50/RC202_C50y.txt,vehicle_capacity,0.9,1.1,822.0855954089935,19.87312889099121,True,
/Users/m.j.j.heule/Documents/4. TU Delft/TU Master/Operations optimisation/operations_optimisation/manilakbay-2E-EVRP-Instances-95ae99e/Type_y/Customer_50/RC202_C50y.txt,vehicle_capacity,0.9,1.2,825.4622737226655,105.38569498062134,True,
/Users/m.j.j.heule/Documents/4. TU Delft/TU Master/Operations optimisation/operations_optimisation/manilakbay-2E-EVRP-Instances-95ae99e/Type_y/Customer_50/RC202_C50y.txt,vehicle_capacity,1.0,0.8,802.4570706182499,15.284250020980835,True,
/Users/m.j.j.heule/Documents/4. TU Delft/TU Master/Operations optimisation/operations_optimisation/manilakbay-2E-EVRP-Instances-95ae99e/Type_y/Customer_50/RC202_C50y.txt,vehicle_capacity,1.0,0.9,810.8527583406128,58.99819087982178,True,
/Users/m.j.j.heule/Documents/4. TU Delft/TU Master/Operations optimisation/operations_optimisation/manilakbay-2E-EVRP-Instances-95ae99e/Type_y/Customer_50/RC202_C50y.txt,vehicle_capacity,1.0,1.0,797.8984195985008,52.83114814758301,True,
/Users/m.j.j.heule/Documents/4. TU Delft/TU Master/Operations optimisation/operations_optimisation/manilakbay-2E-EVRP-Instances-95ae99e/Type_y/Customer_50/RC202_C50y.txt,vehicle_capacity,1.0,1.1,801.6536195047522,15.06988787651062,True,
/Users/m.j.j.heule/Documents/4. TU Delft/TU Master/Operations optimisation/operations_optimisation/manilakbay-2E-EVRP-Instances-95ae99e/Type_y/Customer_50/RC202_C50y.txt,vehicle_capacity,1.0,1.2,800.4645487218381,22.03766393661499,True,
/Users/m.j.j.heule/Documents/4. TU Delft/TU Master/Operations optimisation/operations_optimisation/manilakbay-2E-EVRP-Instances-95ae99e/Type_y/Customer_50/RC202_C50y.txt,vehicle_capacity,1.1,0.8,821.4698748796566,78.3539559841156,True,
/Users/m.j.j.heule/Documents/4. TU Delft/TU Master/Operations optimisation/operations_optimisation/manilakbay-2E-EVRP-Instances-95ae99e/Type_y/Customer_50/RC202_C50y.txt,vehicle_capacity,1.1,0.9,798.9729022932238,76.95074892044067,True,
/Users/m.j.j.heule/Documents/4. TU Delft/TU Master/Operations optimisation/operations_optimisation/manilakbay-2E-EVRP-Instances-95ae99e/Type_y/Customer_50/RC202_C50y.txt,vehicle_capacity,1.1,1.0,798.5039843877466,32.88590478897095,True,
/Users/m.j.j.heule/Documents/4. TU Delft/TU Master/Operations optimisation/operations_optimisation/manilakbay-2E-EVRP-Instances-95ae99e/Type_y/Customer_50/RC202_C50y.txt,vehicle_capacity,1.1,1.1,797.8984300726809,105.1312530040741,True,
/Users/m.j.j.heule/Documents/4. TU Delft/TU Master/Operations optimisation/operations_optimisation/manilakbay-2E-EVRP-Instances-95ae99e/Type_y/Customer_50/RC202_C50y.txt,vehicle_capacity,1.1,1.2,797.8984317838588,79.41839671134949,True,
/Users/m.j.j.heule/Documents/4. TU Delft/TU Master/Operations optimisation/operations_optimisation/manilakbay-2E-EVRP-Instances-95ae99e/Type_y/Customer_50/RC202_C50y.txt,vehicle_capacity,1.2,0.8,798.7018540799704,88.64117693901062,True,
/Users/m.j.j.heule/Documents/4. TU Delft/TU Master/Operations optimisation/operations_optimisation/manilakbay-2E-EVRP-Instances-95ae99e/Type_y/Customer_50/RC202_C50y.txt,vehicle_capacity,1.2,0.9,797.8984331122826,85.7438371181488,True,
/Users/m.j.j.heule/Documents/4. TU Delft/TU Master/Operations optimisation/operations_optimisation/manilakbay-2E-EVRP-Instances-95ae99e/Type_y/Customer_50/RC202_C50y.txt,vehicle_capacity,1.2,1.0,797.8984331122826,75.14755892753601,True,
/Users/m.j.j.heule/Documents/4. TU Delft/TU Master/Operations optimisation/operations_optimisation/manilakbay-2E-EVRP-Instances-95ae99e/Type_y/Customer_50/RC202_C50y.txt,vehicle_capacity,1.2,1.1,797.8984331122826,68.49953389167786,True,
/Users/m.j.j.heule/Documents/4. TU Delft/TU Master/Operations optimisation/operations_optimisation/manilakbay-2E-EVRP-Instances-95ae99e/Type_y/Customer_50/RC202_C50y.txt,vehicle_capacity,1.2,1.2,797.8982835062701,78.19672393798828,True,
/Users/m.j.j.heule/Documents/4. TU Delft/TU Master/Operations optimisation/operations_optimisation/manilakbay-2E-EVRP-Instances-95ae99e/Type_y/Customer_50/RC202_C50y.txt,demand_capacity,0.8,0,798.9729315999109,78.66571998596191,True,
/Users/m.j.j.heule/Documents/4. TU Delft/TU Master/Operations optimisation/operations_optimisation/manilakbay-2E-EVRP-Instances-95ae99e/Type_y/Customer_50/RC202_C50y.txt,demand_capacity,0.9,0,797.8984185734935,99.62710571289062,True,
/Users/m.j.j.heule/Documents/4. TU Delft/TU Master/Operations optimisation/operations_optimisation/manilakbay-2E-EVRP-Instances-95ae99e/Type_y/Customer_50/RC202_C50y.txt,demand_capacity,1.0,0,797.8984195985008,52.509671211242676,True,
/Users/m.j.j.heule/Documents/4. TU Delft/TU Master/Operations optimisation/operations_optimisation/manilakbay-2E-EVRP-Instances-95ae99e/Type_y/Customer_50/RC202_C50y.txt,demand_capacity,1.1,0,806.829934190916,39.75242614746094,True,
/Users/m.j.j.heule/Documents/4. TU Delft/TU Master/Operations optimisation/operations_optimisation/manilakbay-2E-EVRP-Instances-95ae99e/Type_y/Customer_50/RC202_C50y.txt,demand_capacity,1.2,0,956.0121831004624,121.2792341709137,True,
/Users/m.j.j.heule/Documents/4. TU Delft/TU Master/Operations optimisation/operations_optimisation/manilakbay-2E-EVRP-Instances-95ae99e/Type_y/Customer_50/RC202_C50y.txt,vehicle_amount,-15,-15,,0.14859294891357422,True,Unable to retrieve attribute 'ObjVal'
/Users/m.j.j.heule/Documents/4. TU Delft/TU Master/Operations optimisation/operations_optimisation/manilakbay-2E-EVRP-Instances-95ae99e/Type_y/Customer_50/RC202_C50y.txt,vehicle_amount,-15,-5,,0.1491999626159668,True,Unable to retrieve attribute 'ObjVal'
/Users/m.j.j.heule/Documents/4. TU Delft/TU Master/Operations optimisation/operations_optimisation/manilakbay-2E-EVRP-Instances-95ae99e/Type_y/Customer_50/RC202_C50y.txt,vehicle_amount,-15,0,,0.15259909629821777,True,Unable to retrieve attribute 'ObjVal'
/Users/m.j.j.heule/Documents/4. TU Delft/TU Master/Operations optimisation/operations_optimisation/manilakbay-2E-EVRP-Instances-95ae99e/Type_y/Customer_50/RC202_C50y.txt,vehicle_amount,-15,5,,0.14954805374145508,True,Unable to retrieve attribute 'ObjVal'
/Users/m.j.j.heule/Documents/4. TU Delft/TU Master/Operations optimisation/operations_optimisation/manilakbay-2E-EVRP-Instances-95ae99e/Type_y/Customer_50/RC202_C50y.txt,vehicle_amount,-15,15,,0.14893102645874023,True,Unable to retrieve attribute 'ObjVal'
/Users/m.j.j.heule/Documents/4. TU Delft/TU Master/Operations optimisation/operations_optimisation/manilakbay-2E-EVRP-Instances-95ae99e/Type_y/Customer_50/RC202_C50y.txt,vehicle_amount,-5,-15,,0.14887595176696777,True,Unable to retrieve attribute 'ObjVal'
/Users/m.j.j.heule/Documents/4. TU Delft/TU Master/Operations optimisation/operations_optimisation/manilakbay-2E-EVRP-Instances-95ae99e/Type_y/Customer_50/RC202_C50y.txt,vehicle_amount,-5,-5,,0.14894485473632812,True,Unable to retrieve attribute 'ObjVal'
/Users/m.j.j.heule/Documents/4. TU Delft/TU Master/Operations optimisation/operations_optimisation/manilakbay-2E-EVRP-Instances-95ae99e/Type_y/Customer_50/RC202_C50y.txt,vehicle_amount,-5,0,,0.14986109733581543,True,Unable to retrieve attribute 'ObjVal'
/Users/m.j.j.heule/Documents/4. TU Delft/TU Master/Operations optimisation/operations_optimisation/manilakbay-2E-EVRP-Instances-95ae99e/Type_y/Customer_50/RC202_C50y.txt,vehicle_amount,-5,5,,0.15238380432128906,True,Unable to retrieve attribute 'ObjVal'
/Users/m.j.j.heule/Documents/4. TU Delft/TU Master/Operations optimisation/operations_optimisation/manilakbay-2E-EVRP-Instances-95ae99e/Type_y/Customer_50/RC202_C50y.txt,vehicle_amount,-5,15,,0.1495192050933838,True,Unable to retrieve attribute 'ObjVal'
/Users/m.j.j.heule/Documents/4. TU Delft/TU Master/Operations optimisation/operations_optimisation/manilakbay-2E-EVRP-Instances-95ae99e/Type_y/Customer_50/RC202_C50y.txt,vehicle_amount,0,-15,805.9146041108149,34.933249950408936,True,
/Users/m.j.j.heule/Documents/4. TU Delft/TU Master/Operations optimisation/operations_optimisation/manilakbay-2E-EVRP-Instances-95ae99e/Type_y/Customer_50/RC202_C50y.txt,vehicle_amount,0,-5,797.898411121789,66.83629083633423,True,
/Users/m.j.j.heule/Documents/4. TU Delft/TU Master/Operations optimisation/operations_optimisation/manilakbay-2E-EVRP-Instances-95ae99e/Type_y/Customer_50/RC202_C50y.txt,vehicle_amount,0,0,798.7650709624223,52.81087279319763,True,
/Users/m.j.j.heule/Documents/4. TU Delft/TU Master/Operations optimisation/operations_optimisation/manilakbay-2E-EVRP-Instances-95ae99e/Type_y/Customer_50/RC202_C50y.txt,vehicle_amount,0,5,801.6536373784458,65.36939191818237,True,
/Users/m.j.j.heule/Documents/4. TU Delft/TU Master/Operations optimisation/operations_optimisation/manilakbay-2E-EVRP-Instances-95ae99e/Type_y/Customer_50/RC202_C50y.txt,vehicle_amount,0,15,797.8984196878076,51.380249977111816,True,
/Users/m.j.j.heule/Documents/4. TU Delft/TU Master/Operations optimisation/operations_optimisation/manilakbay-2E-EVRP-Instances-95ae99e/Type_y/Customer_50/RC202_C50y.txt,vehicle_amount,5,-15,798.7650709624223,55.66116237640381,True,
/Users/m.j.j.heule/Documents/4. TU Delft/TU Master/Operations optimisation/operations_optimisation/manilakbay-2E-EVRP-Instances-95ae99e/Type_y/Customer_50/RC202_C50y.txt,vehicle_amount,5,-5,799.7763439037253,60.72208833694458,True,
/Users/m.j.j.heule/Documents/4. TU Delft/TU Master/Operations optimisation/operations_optimisation/manilakbay-2E-EVRP-Instances-95ae99e/Type_y/Customer_50/RC202_C50y.txt,vehicle_amount,5,0,797.8984247511652,56.17603302001953,True,
/Users/m.j.j.heule/Documents/4. TU Delft/TU Master/Operations optimisation/operations_optimisation/manilakbay-2E-EVRP-Instances-95ae99e/Type_y/Customer_50/RC202_C50y.txt,vehicle_amount,5,5,797.8984125942263,52.607199907302856,True,
/Users/m.j.j.heule/Documents/4. TU Delft/TU Master/Operations optimisation/operations_optimisation/manilakbay-2E-EVRP-Instances-95ae99e/Type_y/Customer_50/RC202_C50y.txt,vehicle_amount,5,15,799.7763661640217,56.53291296958923,True,
/Users/m.j.j.heule/Documents/4. TU Delft/TU Master/Operations optimisation/operations_optimisation/manilakbay-2E-EVRP-Instances-95ae99e/Type_y/Customer_50/RC202_C50y.txt,vehicle_amount,15,-15,797.8984331122826,55.867263317108154,True,
/Users/m.j.j.heule/Documents/4. TU Delft/TU Master/Operations optimisation/operations_optimisation/manilakbay-2E-EVRP-Instances-95ae99e/Type_y/Customer_50/RC202_C50y.txt,vehicle_amount,15,-5,815.0722435881836,72.83038997650146,True,
/Users/m.j.j.heule/Documents/4. TU Delft/TU Master/Operations optimisation/operations_optimisation/manilakbay-2E-EVRP-Instances-95ae99e/Type_y/Customer_50/RC202_C50y.txt,vehicle_amount,15,0,799.7763661640217,64.43111991882324,True,
/Users/m.j.j.heule/Documents/4. TU Delft/TU Master/Operations optimisation/operations_optimisation/manilakbay-2E-EVRP-Instances-95ae99e/Type_y/Customer_50/RC202_C50y.txt,vehicle_amount,15,5,797.8984331122826,58.92828392982483,True,
/Users/m.j.j.heule/Documents/4. TU Delft/TU Master/Operations optimisation/operations_optimisation/manilakbay-2E-EVRP-Instances-95ae99e/Type_y/Customer_50/RC202_C50y.txt,vehicle_amount,15,15,797.8984127200326,57.14097619056702,True,
/Users/m.j.j.heule/Documents/4. TU Delft/TU Master/Operations optimisation/operations_optimisation/manilakbay-2E-EVRP-Instances-95ae99e/Type_y/Customer_50/RC202_C50y.txt,satellite_capacity,-3,0,797.8984285897475,48.81917595863342,True,
/Users/m.j.j.heule/Documents/4. TU Delft/TU Master/Operations optimisation/operations_optimisation/manilakbay-2E-EVRP-Instances-95ae99e/Type_y/Customer_50/RC202_C50y.txt,satellite_capacity,-1,0,799.7763661640217,54.74005484580994,True,
/Users/m.j.j.heule/Documents/4. TU Delft/TU Master/Operations optimisation/operations_optimisation/manilakbay-2E-EVRP-Instances-95ae99e/Type_y/Customer_50/RC202_C50y.txt,satellite_capacity,0,0,797.8984195985008,53.34382605552673,True,
/Users/m.j.j.heule/Documents/4. TU Delft/TU Master/Operations optimisation/operations_optimisation/manilakbay-2E-EVRP-Instances-95ae99e/Type_y/Customer_50/RC202_C50y.txt,satellite_capacity,1,0,799.7763661640217,55.689793825149536,True,
/Users/m.j.j.heule/Documents/4. TU Delft/TU Master/Operations optimisation/operations_optimisation/manilakbay-2E-EVRP-Instances-95ae99e/Type_y/Customer_50/RC202_C50y.txt,satellite_capacity,3,0,797.8984245329939,64.18458819389343,True,
